inventory_id,laptop_id,price_usd,last_updated,quantity
1,1,1899.99,2026-02-08 22:23:06.240012,5
2,2,749.99,2026-02-08 22:23:06.240012,12
3,3,999.99,2026-02-08 22:23:06.240012,8
4,4,1299.99,2026-02-08 22:23:06.240012,6
5,5,1599.99,2026-02-08 22:23:06.240012,4
6,6,1799.99,2026-02-08 22:23:06.240012,7
7,7,2199.99,2026-02-08 22:23:06.240012,3
8,8,699.99,2026-02-08 22:23:06.240012,10
9,9,1499.99,2026-02-08 22:23:06.240012,6
10,10,999.99,2026-02-08 22:23:06.240012,9
